-- MariaDB dump 10.19  Distrib 10.11.6-MariaDB, for debian-linux-gnu (x86_64)
--
-- Host: localhost    Database: mysitedb
-- ------------------------------------------------------
-- Server version	10.11.6-MariaDB-0+deb12u1

/*!40101 SET @OLD_CHARACTER_SET_CLIENT=@@CHARACTER_SET_CLIENT */;
/*!40101 SET @OLD_CHARACTER_SET_RESULTS=@@CHARACTER_SET_RESULTS */;
/*!40101 SET @OLD_COLLATION_CONNECTION=@@COLLATION_CONNECTION */;
/*!40101 SET NAMES utf8mb4 */;
/*!40103 SET @OLD_TIME_ZONE=@@TIME_ZONE */;
/*!40103 SET TIME_ZONE='+00:00' */;
/*!40014 SET @OLD_UNIQUE_CHECKS=@@UNIQUE_CHECKS, UNIQUE_CHECKS=0 */;
/*!40014 SET @OLD_FOREIGN_KEY_CHECKS=@@FOREIGN_KEY_CHECKS, FOREIGN_KEY_CHECKS=0 */;
/*!40101 SET @OLD_SQL_MODE=@@SQL_MODE, SQL_MODE='NO_AUTO_VALUE_ON_ZERO' */;
/*!40111 SET @OLD_SQL_NOTES=@@SQL_NOTES, SQL_NOTES=0 */;

--
-- Table structure for table `tComentarios`
--
use mysitedb;
DROP TABLE IF EXISTS `tComentarios`;
/*!40101 SET @saved_cs_client     = @@character_set_client */;
/*!40101 SET character_set_client = utf8 */;
CREATE TABLE `tComentarios` (
  `id` int(11) NOT NULL AUTO_INCREMENT,
  `comentario` varchar(2000) DEFAULT NULL,
  `usuario_id` int(11) DEFAULT NULL,
  `pelicula_id` int(11) NOT NULL,
  PRIMARY KEY (`id`),
  KEY `usuario_id` (`usuario_id`),
  KEY `pelicula_id` (`pelicula_id`),
  CONSTRAINT `tComentarios_ibfk_1` FOREIGN KEY (`usuario_id`) REFERENCES `tUsuarios` (`id`),
  CONSTRAINT `tComentarios_ibfk_2` FOREIGN KEY (`pelicula_id`) REFERENCES `tPeliculas` (`id`)
) ENGINE=InnoDB AUTO_INCREMENT=6 DEFAULT CHARSET=utf8mb4 COLLATE=utf8mb4_general_ci;
/*!40101 SET character_set_client = @saved_cs_client */;

--
-- Dumping data for table `tComentarios`
--

LOCK TABLES `tComentarios` WRITE;
/*!40000 ALTER TABLE `tComentarios` DISABLE KEYS */;
INSERT INTO `tComentarios` VALUES
(1,'Obra Maestra',1,1),
(2,'Muy entretenida',2,2),
(3,'Motivadora',3,3),
(4,'Llena de accion',4,4),
(5,'Epica',5,5);
/*!40000 ALTER TABLE `tComentarios` ENABLE KEYS */;
UNLOCK TABLES;

--
-- Table structure for table `tPeliculas`
--

DROP TABLE IF EXISTS `tPeliculas`;
/*!40101 SET @saved_cs_client     = @@character_set_client */;
/*!40101 SET character_set_client = utf8 */;
CREATE TABLE `tPeliculas` (
  `id` int(11) NOT NULL AUTO_INCREMENT,
  `nombre` varchar(50) DEFAULT NULL,
  `url_imagen` varchar(200) DEFAULT NULL,
  `director` varchar(50) DEFAULT NULL,
  `año_estreno` int(11) DEFAULT NULL,
  PRIMARY KEY (`id`)
) ENGINE=InnoDB AUTO_INCREMENT=6 DEFAULT CHARSET=utf8mb4 COLLATE=utf8mb4_general_ci;
/*!40101 SET character_set_client = @saved_cs_client */;

--
-- Dumping data for table `tPeliculas`
--

LOCK TABLES `tPeliculas` WRITE;
/*!40000 ALTER TABLE `tPeliculas` DISABLE KEYS */;
INSERT INTO `tPeliculas` VALUES
(1,'Star Wars V','https://pics.filmaffinity.com/La_guerra_de_las_galaxias_Episodio_V_El_imperio_contraataca-701818523-large.jpg','Irvin Kershner',1980),
(2,'Cars','https://m.media-amazon.com/images/I/71+mhWHnBdL._AC_UF894,1000_QL80_.jpg','John Lasseter',2006),
(3,'Rocky IV','https://images.app.goo.gl/RmA95cuyZKid85Zx6','Sylvester Stallone',1985),
(4,'Jungla de cristal','https://i.pinimg.com/736x/d2/d2/52/d2d2524056eb23b0a8ca198b6dc6c4ff.jpg','John McTiernan',1988),
(5,'Logan','https://www.aceprensa.com/wp-content/uploads/2019/12/263115-0-scaled.jpg','James Mangold',2017);
/*!40000 ALTER TABLE `tPeliculas` ENABLE KEYS */;
UNLOCK TABLES;

--
-- Table structure for table `tUsuarios`
--

DROP TABLE IF EXISTS `tUsuarios`;
/*!40101 SET @saved_cs_client     = @@character_set_client */;
/*!40101 SET character_set_client = utf8 */;
CREATE TABLE `tUsuarios` (
  `id` int(11) NOT NULL AUTO_INCREMENT,
  `nombre` varchar(50) DEFAULT NULL,
  `apellidos` varchar(100) DEFAULT NULL,
  `email` varchar(200) DEFAULT NULL,
  `contraseña` varchar(200) DEFAULT NULL,
  PRIMARY KEY (`id`),
  UNIQUE KEY `email` (`email`)
) ENGINE=InnoDB AUTO_INCREMENT=6 DEFAULT CHARSET=utf8mb4 COLLATE=utf8mb4_general_ci;
/*!40101 SET character_set_client = @saved_cs_client */;

--
-- Dumping data for table `tUsuarios`
--

LOCK TABLES `tUsuarios` WRITE;
/*!40000 ALTER TABLE `tUsuarios` DISABLE KEYS */;
INSERT INTO `tUsuarios` VALUES
(1,'Isma','Cabanas','isma@gmail.com','1234'),
(2,'Gorka','Padin','gorka@gmail.com','1234'),
(3,'Dennis','Urdampilleta','dennis@gmail.com','1234'),
(4,'Sergio','Orosa','sergio@gmail.com','1234'),
(5,'Adrian','Aguion','adrian@gmail.com','1234');
/*!40000 ALTER TABLE `tUsuarios` ENABLE KEYS */;
UNLOCK TABLES;
/*!40103 SET TIME_ZONE=@OLD_TIME_ZONE */;

/*!40101 SET SQL_MODE=@OLD_SQL_MODE */;
/*!40014 SET FOREIGN_KEY_CHECKS=@OLD_FOREIGN_KEY_CHECKS */;
/*!40014 SET UNIQUE_CHECKS=@OLD_UNIQUE_CHECKS */;
/*!40101 SET CHARACTER_SET_CLIENT=@OLD_CHARACTER_SET_CLIENT */;
/*!40101 SET CHARACTER_SET_RESULTS=@OLD_CHARACTER_SET_RESULTS */;
/*!40101 SET COLLATION_CONNECTION=@OLD_COLLATION_CONNECTION */;
/*!40111 SET SQL_NOTES=@OLD_SQL_NOTES */;

-- Dump completed on 2024-10-23 14:14:34
